{
  "model_type": "CNN",
  "input_shape": 63,
  "num_classes": 39,
  "training_samples": 1600,
  "test_samples": 400,
  "test_accuracy": 0.03750000149011612,
  "test_loss": 3.6620867252349854,
  "epochs_trained": 16,
  "labels": [
    0,
    1,
    2,
    3,
    4,
    5,
    6,
    7,
    8,
    9,
    10,
    11,
    12,
    13,
    14,
    15,
    16,
    17,
    18,
    19,
    20,
    21,
    22,
    23,
    24,
    25,
    26,
    27,
    28,
    29,
    30,
    31,
    32,
    33,
    34,
    35,
    36,
    37,
    38
  ]
}